,precision@1,precision@3,precision@5,recall@1,recall@3,recall@5,ndcg@1,ndcg@3,ndcg@5,mrr
tfidf,0.8541666666666666,0.3611111111111111,0.22499999999999998,0.7604166666666666,0.9270833333333334,0.9583333333333334,0.8541666666666666,0.8885823255866446,0.9030561731001026,0.9045138888888888
bm25,0.875,0.3611111111111111,0.21666666666666665,0.78125,0.9270833333333334,0.9270833333333334,0.875,0.8956540251344857,0.8956540251344857,0.9131944444444443
