{
  "tfidf": {
    "precision@1": 0.8541666666666666,
    "precision@3": 0.3611111111111111,
    "precision@5": 0.22499999999999998,
    "recall@1": 0.7604166666666666,
    "recall@3": 0.9270833333333334,
    "recall@5": 0.9583333333333334,
    "ndcg@1": 0.8541666666666666,
    "ndcg@3": 0.8885823255866446,
    "ndcg@5": 0.9030561731001026,
    "mrr": 0.9045138888888888
  },
  "bm25": {
    "precision@1": 0.875,
    "precision@3": 0.3611111111111111,
    "precision@5": 0.21666666666666665,
    "recall@1": 0.78125,
    "recall@3": 0.9270833333333334,
    "recall@5": 0.9270833333333334,
    "ndcg@1": 0.875,
    "ndcg@3": 0.8956540251344857,
    "ndcg@5": 0.8956540251344857,
    "mrr": 0.9131944444444443
  }
}